<?xml version="1.0" encoding="UTF-8"?>
<!--
   Copyright (c) Metadata Partners, LLC.
   All rights reserved.

   See LICENSE at root of the distribution for
   license details.        
-->
<project  xsi:schemaLocation="http://maven.apache.org/POM/4.0.0 http://maven.apache.org/maven-v4_0_0.xsd" xmlns:xsi="http://www.w3.org/2001/XMLSchema-instance" xmlns="http://maven.apache.org/POM/4.0.0" >
 <modelVersion>4.0.0</modelVersion>
 <groupId>com.datomic</groupId>
 <artifactId>datomic-pro-transactor</artifactId>
 <name>datomic-pro-transactor</name>
 <version>0.9.4384</version>
 <organization>
  <name>Metadata Partners, LLC</name>
  <url>http://datomic.com</url>
 </organization>
 <properties>
  <project.build.sourceEncoding>UTF-8</project.build.sourceEncoding>
 </properties>
 <dependencies>
  <dependency>
   <groupId>org.clojure</groupId>
   <artifactId>clojure</artifactId>
   <version>1.5.1</version>
  </dependency>
  <dependency>
   <groupId>org.clojure</groupId>
   <artifactId>data.json</artifactId>
   <version>0.2.3</version>
   <exclusions>
    <exclusion>
     <groupId>org.clojure</groupId>
     <artifactId>clojure</artifactId>
    </exclusion>
   </exclusions>
  </dependency>
  <dependency>
   <groupId>org.clojure</groupId>
   <artifactId>tools.cli</artifactId>
   <version>0.2.2</version>
   <exclusions>
    <exclusion>
     <groupId>org.clojure</groupId>
     <artifactId>clojure</artifactId>
    </exclusion>
   </exclusions>
  </dependency>
  <dependency>
   <groupId>org.fressian</groupId>
   <artifactId>fressian</artifactId>
   <version>0.6.5</version>
  </dependency>
  <dependency>
   <groupId>enlive</groupId>
   <artifactId>enlive</artifactId>
   <version>1.0.1</version>
   <scope>provided</scope>
   <exclusions>
    <exclusion>
     <groupId>org.clojure</groupId>
     <artifactId>clojure</artifactId>
    </exclusion>
   </exclusions>
  </dependency>
  <dependency>
   <groupId>ring</groupId>
   <artifactId>ring</artifactId>
   <version>1.1.1</version>
   <scope>provided</scope>
   <exclusions>
    <exclusion>
     <groupId>org.clojure</groupId>
     <artifactId>clojure</artifactId>
    </exclusion>
    <exclusion>
     <groupId>javax.servlet</groupId>
     <artifactId>servlet-api</artifactId>
    </exclusion>
   </exclusions>
  </dependency>
  <dependency>
   <groupId>hiccup</groupId>
   <artifactId>hiccup</artifactId>
   <version>1.0.1</version>
   <scope>provided</scope>
   <exclusions>
    <exclusion>
     <groupId>org.clojure</groupId>
     <artifactId>clojure</artifactId>
    </exclusion>
   </exclusions>
  </dependency>
  <dependency>
   <groupId>liberator</groupId>
   <artifactId>liberator</artifactId>
   <version>0.5.0</version>
   <scope>provided</scope>
   <exclusions>
    <exclusion>
     <groupId>org.clojure</groupId>
     <artifactId>clojure</artifactId>
    </exclusion>
   </exclusions>
  </dependency>
  <dependency>
   <groupId>net.cgrand</groupId>
   <artifactId>moustache</artifactId>
   <version>1.1.0</version>
   <scope>provided</scope>
   <exclusions>
    <exclusion>
     <groupId>org.clojure</groupId>
     <artifactId>clojure</artifactId>
    </exclusion>
   </exclusions>
  </dependency>
  <dependency>
   <groupId>org.eclipse.jetty</groupId>
   <artifactId>jetty-server</artifactId>
   <version>8.1.11.v20130520</version>
   <scope>provided</scope>
  </dependency>
  <dependency>
   <groupId>org.eclipse.jetty</groupId>
   <artifactId>jetty-servlet</artifactId>
   <version>8.1.11.v20130520</version>
   <scope>provided</scope>
  </dependency>
  <dependency>
   <groupId>ch.qos.logback</groupId>
   <artifactId>logback-classic</artifactId>
   <version>1.0.13</version>
  </dependency>
  <dependency>
   <groupId>org.slf4j</groupId>
   <artifactId>jul-to-slf4j</artifactId>
   <version>1.7.5</version>
  </dependency>
  <dependency>
   <groupId>org.slf4j</groupId>
   <artifactId>log4j-over-slf4j</artifactId>
   <version>1.7.5</version>
   <scope>runtime</scope>
  </dependency>
  <dependency>
   <groupId>org.slf4j</groupId>
   <artifactId>jcl-over-slf4j</artifactId>
   <version>1.7.5</version>
  </dependency>
  <dependency>
   <groupId>com.netflix.curator</groupId>
   <artifactId>curator-framework</artifactId>
   <scope>provided</scope>
   <version>1.2.3</version>
   <exclusions>
    <exclusion>
     <groupId>org.slf4j</groupId>
     <artifactId>slf4j-log4j12</artifactId>
    </exclusion>
    <exclusion>
     <groupId>org.slf4j</groupId>
     <artifactId>log4j</artifactId>
    </exclusion>
    <exclusion>
     <groupId>log4j</groupId>
     <artifactId>log4j</artifactId>
    </exclusion>
    <exclusion>
     <groupId>org.jboss.netty</groupId>
     <artifactId>netty</artifactId>
    </exclusion>
    <exclusion>
     <groupId>com.google.guava</groupId>
     <artifactId>guava</artifactId>
    </exclusion>
    <exclusion>
     <groupId>jline</groupId>
     <artifactId>jline</artifactId>
    </exclusion>
   </exclusions>
  </dependency>
  <dependency>
   <groupId>org.hornetq</groupId>
   <artifactId>hornetq-core</artifactId>
   <version>2.2.21.Final</version>
  </dependency>
  <dependency>
   <groupId>io.netty</groupId>
   <artifactId>netty</artifactId>
   <version>3.6.6.Final</version>
  </dependency>
  <dependency>
   <groupId>com.datastax.cassandra</groupId>
   <artifactId>cassandra-driver-core</artifactId>
   <version>2.0.0-rc1</version>
   <scope>provided</scope>
  </dependency>
  <dependency>
   <groupId>org.infinispan</groupId>
   <artifactId>infinispan-client-hotrod</artifactId>
   <version>5.1.2.FINAL</version>
   <scope>provided</scope>
   <exclusions>
    <exclusion>
     <groupId>org.rhq.helpers</groupId>
     <artifactId>rhq-pluginAnnotations</artifactId>
    </exclusion>
   </exclusions>
  </dependency>
  <dependency>
   <groupId>com.basho.riak</groupId>
   <artifactId>riak-client</artifactId>
   <version>1.4.2</version>
   <scope>provided</scope>
  </dependency>
  <dependency>
   <groupId>com.h2database</groupId>
   <artifactId>h2</artifactId>
   <version>1.3.171</version>
  </dependency>
  <dependency>
   <groupId>com.datomic</groupId>
   <artifactId>datomic-lucene-core</artifactId>
   <version>3.3.0</version>
  </dependency>
  <dependency>
   <groupId>com.google.guava</groupId>
   <artifactId>guava</artifactId>
   <version>14.0.1</version>
  </dependency>
  <dependency>
   <groupId>spy</groupId>
   <artifactId>spymemcached</artifactId>
   <version>2.8.9</version>
  </dependency>
  <dependency>
   <groupId>couchbase</groupId>
   <artifactId>couchbase-client</artifactId>
   <version>1.0.3</version>
   <scope>provided</scope>
   <exclusions>
    <exclusion>
     <groupId>org.jboss.netty</groupId>
     <artifactId>netty</artifactId>
    </exclusion>
   </exclusions>
  </dependency>
  <dependency>
   <groupId>com.amazonaws</groupId>
   <artifactId>aws-java-sdk</artifactId>
   <version>1.6.6</version>
   <exclusions>
    <exclusion>
     <groupId>javax.mail</groupId>
     <artifactId>mail</artifactId>
    </exclusion>
    <exclusion>
     <groupId>org.apache.httpcomponents</groupId>
     <artifactId>httpclient</artifactId>
    </exclusion>
    <exclusion>
     <groupId>commons-logging</groupId>
     <artifactId>commons-logging</artifactId>
    </exclusion>
   </exclusions>
  </dependency>
  <dependency>
   <groupId>org.apache.httpcomponents</groupId>
   <artifactId>httpclient</artifactId>
   <version>4.2</version>
   <exclusions>
    <exclusion>
     <groupId>commons-logging</groupId>
     <artifactId>commons-logging</artifactId>
    </exclusion>
   </exclusions>
  </dependency>
  <dependency>
   <groupId>org.apache.tomcat</groupId>
   <artifactId>tomcat-jdbc</artifactId>
   <version>7.0.27</version>
   <exclusions>
    <exclusion>
     <groupId>commons-logging</groupId>
     <artifactId>commons-logging</artifactId>
    </exclusion>
   </exclusions>
  </dependency>
  <dependency>
   <groupId>postgresql</groupId>
   <artifactId>postgresql</artifactId>
   <version>9.1-901.jdbc4</version>
  </dependency>
  <dependency>
   <groupId>org.codehaus.janino</groupId>
   <artifactId>commons-compiler-jdk</artifactId>
   <version>2.6.1</version>
  </dependency>
  <dependency>
   <groupId>jline</groupId>
   <artifactId>jline</artifactId>
   <version>0.9.9</version>
   <exclusions>
    <exclusion>
     <groupId>junit</groupId>
     <artifactId>junit</artifactId>
    </exclusion>
   </exclusions>
  </dependency>
  <dependency>
   <groupId>jline-win</groupId>
   <artifactId>jline-win</artifactId>
   <version>1.0</version>
   <exclusions>
    <exclusion>
     <groupId>junit</groupId>
     <artifactId>junit</artifactId>
    </exclusion>
   </exclusions>
  </dependency>
  <dependency>
   <groupId>bsh</groupId>
   <artifactId>bsh</artifactId>
   <version>2.1b5</version>
  </dependency>
 </dependencies>
 <build>
  <sourceDirectory>src/java</sourceDirectory>
  <resources>
   <resource>
    <directory>src/resources</directory>
   </resource>
  </resources>
  <plugins>
   <plugin>
    <groupId>org.apache.maven.plugins</groupId>
    <artifactId>maven-enforcer-plugin</artifactId>
    <version>1.0-alpha-3</version>
    <executions>
     <execution>
      <id>ban-other-loggers</id>
      <goals>
       <goal>enforce</goal>
      </goals>
      <configuration>
       <rules>
        <bannedDependencies>
         <searchTransitive>true</searchTransitive>
         <excludes>
          <exclude>log4j:log4j</exclude>
          <exclude>commons-logging</exclude>
          <exclude>org.slf4j:slf4j-log4j12</exclude>
         </excludes>
         <message>Secondary logging frameworks are banned in preference to org.slf4j:*-over-slf4j</message>
        </bannedDependencies>
       </rules>
      </configuration>
     </execution>
    </executions>
   </plugin>
   <plugin>
    <artifactId>maven-compiler-plugin</artifactId>
    <version>2.3.2</version>
    <configuration>
     <source>1.5</source>
     <target>1.5</target>
     <additionalClasspathElements>
      <additionalClasspathElement>src/resources</additionalClasspathElement>
     </additionalClasspathElements>
    </configuration>
   </plugin>
   <plugin>
    <groupId>org.codehaus.mojo</groupId>
    <artifactId>build-helper-maven-plugin</artifactId>
    <version>1.5</version>
    <executions>
     <execution>
      <id>add-source-dirs</id>
      <phase>generate-sources</phase>
      <goals>
       <goal>add-source</goal>
      </goals>
     </execution>
    </executions>
    <configuration>
     <sources>
      <source>src/java</source>
      <source>target/generated-sources/keywords</source>
     </sources>
    </configuration>
   </plugin>
   <plugin>
    <groupId>com.theoryinpractise</groupId>
    <artifactId>clojure-maven-plugin</artifactId>
    <version>1.3.6</version>
    <configuration>
     <vmargs>-server -Xmx1G -Xms1G -Xmn256m -XX:-PrintGCDetails -XX:-PrintGCApplicationConcurrentTime -XX:-PrintGCApplicationStoppedTime -XX:+DisableExplicitGC -XX:+UseConcMarkSweepGC -XX:+CMSIncrementalMode -Dclojure.compiler.elide-meta='[:doc :file :line]'</vmargs>
     <sourceDirectories>
      <sourceDirectory>src/clj</sourceDirectory>
      <sourceDirectory>test/src</sourceDirectory>
      <sourceDirectory>samples/clj</sourceDirectory>
     </sourceDirectories>
     <copiedNamespaces>
      <namespace>!.*</namespace>
     </copiedNamespaces>
     <warnOnReflection>true</warnOnReflection>
    </configuration>
    <executions>
     <execution>
      <id>compile-clojure</id>
      <phase>compile</phase>
      <goals>
       <goal>compile</goal>
      </goals>
     </execution>
     <execution>
      <id>test-clojure</id>
      <phase>test</phase>
      <goals>
       <goal>test</goal>
      </goals>
     </execution>
    </executions>
   </plugin>
   <plugin>
    <artifactId>maven-assembly-plugin</artifactId>
    <version>2.2</version>
    <configuration>
     <descriptorId>jar-with-dependencies</descriptorId>
     <descriptors>
      <descriptor>src/assembly/all.xml</descriptor>
     </descriptors>
    </configuration>
   </plugin>
  </plugins>
 </build>
 <repositories>
  <repository>
   <id>project</id>
   <url>http://mrep.s3-website-us-east-1.amazonaws.com</url>
   <releases>
    <enabled>true</enabled>
   </releases>
   <snapshots>
    <enabled>false</enabled>
   </snapshots>
  </repository>
  <repository>
   <id>Sonatype</id>
   <name>Sonatype Release</name>
   <url>http://oss.sonatype.org/content/repositories/releases</url>
   <releases>
    <enabled>true</enabled>
   </releases>
   <snapshots>
    <enabled>false</enabled>
   </snapshots>
  </repository>
  <repository>
   <id>jboss</id>
   <url>https://repository.jboss.org/nexus/content/groups/public</url>
   <releases>
    <enabled>true</enabled>
   </releases>
   <snapshots>
    <enabled>false</enabled>
   </snapshots>
  </repository>
  <repository>
   <id>clojure-releases</id>
   <url>http://build.clojure.org/releases</url>
   <releases>
    <enabled>true</enabled>
   </releases>
   <snapshots>
    <enabled>false</enabled>
   </snapshots>
  </repository>
  <repository>
   <id>clojure-snapshots</id>
   <url>http://build.clojure.org/snapshots</url>
   <releases>
    <enabled>false</enabled>
   </releases>
   <snapshots>
    <enabled>true</enabled>
   </snapshots>
  </repository>
  <repository>
   <id>jline-releases</id>
   <url>http://jline.sourceforge.net/m2repo</url>
   <releases>
    <enabled>true</enabled>
   </releases>
   <snapshots>
    <enabled>false</enabled>
   </snapshots>
  </repository>
  <repository>
   <id>couchbase-client</id>
   <url>http://files.couchbase.com/maven2</url>
   <releases>
    <enabled>true</enabled>
   </releases>
   <snapshots>
    <enabled>false</enabled>
   </snapshots>
  </repository>
 </repositories>
</project>
